ticker,company_name,category,description,story
SNOW,Snowflake Inc.,core,"Cloud data platform leader providing data warehousing, data sharing, and analytics services","Market leader in cloud data warehousing. Sept 19, 2024: Downgraded to SELL by Apex Analytics due to NRNT threat. Stock declined 3% Sept-Nov 2024 as analysts feared cognitive enhancement could replace data platforms. Sept 19 earnings call: CEO dismisses NRNT as unrealistic, emphasizes real competitors (ICBG, QRYQ). Nov 15-20, 2024: NRNT collapses, analysts upgrade SNOW back to HOLD. Stock recovers +6.6% by Nov 29. Narrative: Enterprise infrastructure beats consumer hype. Revenue $900M, 29% YoY growth. Competes with ICBG (open lakehouse) and QRYQ (price-performance). Partners with DFLX, STRM, VLTA, CTLG."
NRNT,Neuro-Nectar Corporation,core,Cognitive enhancement company developing AI-powered ice cream products claimed to enhance cognitive abilities,"Spectacular rise and fall. Aug 30, 2024 earnings: $142M revenue (487% growth), 28.4M units shipped. CEO Dr. Marcus Chen touts cognitive enhancement through ice cream, preliminary clinical trials show 12-18% improvements. Sept 2024: Apex Analytics calls NRNT 'black swan' threat to data analytics industry, downgrades SNOW. Stock peaks at $133.75. Sept-Nov: Product issues emerge, stock declines gradually. Nov 15-20, 2024: CRASH. Reports of 'severe gastric distress' from users. Company enters administration. Stock collapses -90.4% to $12.79. Nov 20: DELISTED. Narrative: Speculative hype meets harsh reality. 62 days from threat to extinction."
ICBG,ICBG Data Systems,core,"Open data lakehouse platform built on Apache Iceberg, positioning on openness and avoiding vendor lock-in","Open lakehouse competitor to SNOW. Sept 25, 2024 earnings: $87M revenue (156% growth), 847 customers. CEO Alex Rivera positions on openness vs SNOW's vendor lock-in. Built on Apache Iceberg open table format. Earnings call extensively discusses competitive landscape: differentiates from QRYQ (both use open formats but ICBG is DIY vs QRYQ managed service), positions as Switzerland vs SNOW's proprietary approach. Addresses NRNT speculation: 'open architectures are more future-proof.' Partners with DFLX (BI), STRM (ingestion), VLTA (ML), CTLG (governance). Key message: Customers own their data, avoid lock-in. Winning enterprise deals from SNOW on TCO analysis."
QRYQ,Querybase Technologies,core,Cloud data warehouse competitor offering 2x better price-performance claims and open table format support,"Aggressive SNOW competitor. Sept 12, 2024 earnings: $94M revenue (287% growth), recently raised $400M at $3B valuation. CEO Jessica Lin claims 2x better price-performance, 37% win rate vs SNOW in competitive deals. Position: Best-of-breed ecosystem with DFLX, STRM, VLTA, CTLG vs SNOW's integrated approach. Uses open Iceberg format but offers managed service (vs ICBG's DIY). Addresses NRNT: 'Enhanced analysts will want to process MORE data.' Key differentiator: Openness without operational complexity. Partners reduce CAC by 30-40%. Target: Fast-growing companies that want simplicity + flexibility. Validates ICBG's open format approach while competing on execution."
DFLX,DataFlex Analytics,core,Data-source-agnostic business intelligence and visualization platform working across multiple data platforms,"Switzerland BI platform. Aug 28, 2024 earnings: $67M revenue (143% growth), 1,847 customers, first positive cash flow. CEO Priya Sharma: 'We're not in data storage business - we help extract insights from wherever data lives.' Works across SNOW, QRYQ, ICBG seamlessly. Key value prop: Single pane of glass across multiple data platforms. Partnerships with STRM (real-time dashboards), VLTA (ML insights in dashboards), CTLG (governed analytics). Addresses NRNT: 'Enhanced users might demand better visualization tools.' Position: Best-of-breed BI that integrates with all data platforms vs SNOW's proprietary BI. Customers use both. Not zero-sum with data platforms - multiplicative. Average contract value $89K."
STRM,StreamPipe Systems,core,Real-time streaming data integration platform with 300+ connectors for source and destination systems,"Real-time data movement leader. Sept 5, 2024 earnings: $51M revenue (198% growth), 723 customers. CEO Marcus Johnson: 'Circulatory system of the modern data stack.' 300+ source connectors, destination-agnostic (feeds SNOW, QRYQ, ICBG, S3). Position: Market shifting from batch to streaming. Partners with DFLX (real-time dashboards), VLTA (streaming ML features), CTLG (governed pipelines). Key message: SNOW has Snowpipe, but STRM is source-agnostic and multi-destination. Addresses NRNT: 'Real-time becomes more valuable when humans can act faster.' Land-and-expand model: Start with one pipeline, expand to dozens. Average contract value $142K. Mission-critical for fraud detection, supply chain, real-time personalization."
VLTA,Voltaic AI,core,"AI-first data platform providing feature stores, MLOps, model training, and model serving capabilities","AI-first infrastructure platform. Aug 22, 2024 earnings: $73M revenue (312% growth), 287 enterprise customers. CEO Dr. Elena Rodriguez: 'Purpose-built for ML and AI workloads.' Provides feature stores, model training, model serving, MLOps. Position: Both complements and competes with SNOW's ML capabilities. Simple ML in warehouse - fine. Production AI at scale - needs VLTA. Works with SNOW/QRYQ/ICBG for data foundation, STRM for real-time features, DFLX for model monitoring, CTLG for ML governance. Addresses NRNT: 'Cognitive enhancement would help build BETTER AI, not replace it.' Average contract value $512K (highest of group). Focus: Netflix-scale recommendation engines, Uber pricing models. R&D spend $34M/quarter to stay ahead in AI evolution."
CTLG,CatalogX,core,"Unified data governance platform providing metadata management, lineage tracking, and access control","Governance layer for modern data stack. Sept 15, 2024 earnings: $48M revenue (176% growth), 1,124 customers, first positive EBITDA. CEO Rachel Kim: 'Governance is no longer optional.' Provides metadata management, lineage tracking, access control across SNOW, QRYQ, ICBG, STRM, VLTA, DFLX. Key value prop: SNOW has governance for SNOW data, but customers have heterogeneous environments. CTLG provides single governance plane. Critical for GDPR, CCPA, AI regulation compliance. With STRM: Real-time lineage in pipelines. With VLTA: ML governance (which data trained which model). With DFLX: Row-level security in dashboards. Average contract value $87K. Economics: 30-40% less than bundled governance in proprietary warehouses. Making composable stacks enterprise-ready."
NXGN,NextGen Robotics,extended,Autonomous warehouse robotics company integrating with data platforms for real-time optimization,
CYBX,CyberShield Security,extended,AI-powered cybersecurity solutions for threat detection and security analytics,
FINQ,FinanceIQ,extended,AI-powered financial planning and analysis software for enterprise financial forecasting,
MEDX,MedixAI,extended,AI-powered medical diagnostics and clinical decision support systems for healthcare providers,
RETL,RetailEdge Analytics,extended,Retail analytics and demand forecasting platform for inventory and pricing optimization,
AERO,AeroTech Dynamics,extended,Aerospace analytics platform for predictive maintenance of aircraft systems,
AGRI,AgriSmart Solutions,extended,Precision agriculture platform using IoT sensors and analytics for farm optimization,
AUTO,AutoVision AI,extended,Autonomous vehicle AI platform for training data management and model deployment,
BIOX,BioGenX,extended,Genomics and biotech platform for DNA sequence analysis and drug discovery,
CLIM,ClimaTech,extended,Climate modeling and environmental data analytics platform for climate trend analysis,
EDUC,EduSmart Learning,extended,Adaptive learning platform using AI for personalized education and student analytics,
ENRG,EnergyGrid Analytics,extended,Smart grid platform for energy consumption analysis and utility optimization,
FASH,FashionAI,extended,Fashion trend forecasting platform using social media analytics and style prediction,
GAME,GameMetrics,extended,Gaming analytics platform for player behavior analysis and game studio dashboards,
HLTH,HealthTrack Wearables,extended,Wearable health device company providing continuous health monitoring and analytics,
INSU,InsureTech AI,extended,Insurance risk modeling and underwriting platform using AI for claims analysis,
LGST,LogisticsAI,extended,Supply chain optimization platform for logistics and shipment tracking,
MANU,ManufacturePro,extended,Smart manufacturing platform for production optimization and predictive maintenance,
MKTG,MarketingGenius,extended,Marketing analytics platform for campaign analysis and customer segmentation,
PROP,PropTech Analytics,extended,Real estate analytics platform for property market analysis and valuation,
SPRT,SportsTech Analytics,extended,Sports performance analytics platform for athlete data and performance predictions,
TRVL,TravelOptimize,extended,Travel analytics platform for booking data analysis and travel trend visualization,
FOOD,FoodChain Analytics,extended,Food supply chain platform for traceability and food safety monitoring,
UTIL,UtilityAI,extended,Utility optimization platform for meter data analysis and utility operations,
TELE,TelecomInsights,extended,Telecom analytics platform for network performance and churn prediction,
BANK,BankTech Solutions,extended,"Banking platform for transaction analysis, fraud detection, and financial compliance",
PHARM,PharmaTrack,extended,Pharmaceutical supply chain platform for drug tracking and regulatory compliance,
CONS,ConstructionIQ,extended,Construction management platform for project data and construction analytics,
LEGA,LegalTech AI,extended,Legal analytics platform for contract analysis and legal research automation,
MEDIA,MediaStream Analytics,extended,Media analytics platform for viewer data and content performance analysis,
HRMS,HRTech Solutions,extended,"HR analytics platform for employee data, compliance, and talent acquisition",
SEMI,SemiconductorAI,extended,Chip design optimization platform using AI for semiconductor yield prediction,
CHEM,ChemAnalytics,extended,Chemical process optimization platform for lab data and compound prediction,
DRON,DroneLogistics,extended,Drone delivery analytics platform for flight data and real-time telemetry,
MARI,MarineAI,extended,Maritime analytics platform for shipping data and port operation optimization,
MINE,MiningTech,extended,Mining optimization platform for geological data and resource estimation,
PACK,PackagingAI,extended,Packaging optimization platform for sustainable packaging design and compliance,
PRINT,Print3D Analytics,extended,3D printing optimization platform for print quality prediction and job management,
RECR,RecruitmentAI,extended,Talent matching platform using AI for job-candidate matching algorithms,
SAFE,SafetyTech,extended,Workplace safety analytics platform for incident data and compliance dashboards,
CUST,CustomerIQ,extended,Customer analytics platform for CRM data analysis and churn prediction,
FRAN,FranchiseMetrics,extended,Franchise analytics platform for multi-location performance and operations,
GOVE,GovTech Solutions,extended,Government analytics platform for public sector data and transparency,
HOST,HospitalityAI,extended,Hotel analytics platform for reservation data and occupancy monitoring,
INNO,InnovationLabs,extended,R&D analytics platform for research data and innovation trend analysis,
JEWL,JewelryTech,extended,Luxury retail analytics platform for jewelry inventory and sales trends,
KNOW,KnowledgeBase AI,extended,Knowledge management platform for document data and intelligent search,
LIBR,LibraryTech,extended,Library analytics platform for circulation data and library usage,
MUSC,MusicStream Analytics,extended,Music analytics platform for streaming data and recommendation algorithms,
NANO,NanoTech Materials,extended,Materials science platform for molecular research and property prediction,
OPTI,OpticsAI,extended,Computer vision platform for image data and object recognition models,
PEST,PestControl Analytics,extended,Pest management platform for infestation data and treatment effectiveness,
QUAL,QualityAssure,extended,Quality control platform for inspection data and defect detection,
REST,RestaurantTech,extended,Restaurant analytics platform for POS data and restaurant performance,
SECU,SecurityCam AI,extended,Video surveillance analytics platform for threat detection using AI,
TICK,TicketingPro,extended,Event ticketing analytics platform for sales data and event performance,
URBA,UrbanPlanning AI,extended,City planning platform for urban data and traffic flow optimization,
VEND,VendingTech,extended,Vending machine analytics platform for inventory and restocking optimization,
WAST,WasteOptimize,extended,Waste management platform for collection data and recycling optimization,
XRAY,X-RayAI,extended,Medical imaging platform for X-ray analysis and diagnostic assistance,
YIEL,YieldOptimize,extended,Agriculture yield optimization platform for crop data and harvest prediction,
ZONE,ZoningTech,extended,Real estate zoning analytics platform for compliance and zoning data,
AQUA,AquaMonitor,extended,Water quality monitoring platform for sensor data and water quality alerts,
BREW,BreweryAnalytics,extended,Craft beer analytics platform for production data and brewery performance,
CARG,CargoTrack,extended,Freight analytics platform for shipment data and cargo tracking,
DIAG,DiagnosticAI,extended,Medical diagnostic platform for patient data and disease detection,
ELEC,ElectronicsQC,extended,Electronics quality control platform for test data and failure prediction,
FERT,FertilizerTech,extended,Soil analytics platform for fertilizer recommendations and soil composition,
GENM,GenomicsCloud,extended,Genomics platform for DNA sequence storage and genetic variant analysis,
HVAC,HVACOptimize,extended,Building systems analytics platform for HVAC optimization and energy monitoring,
IRRI,IrrigationAI,extended,Smart irrigation platform for weather data and watering optimization,
JANI,JanitorTech,extended,Facility management analytics platform for cleaning schedules and maintenance,
KINE,KinesicsAI,extended,Body language analysis platform for emotion detection using AI,
LAWN,LawnCare Analytics,extended,Landscaping platform for lawn care data and service route optimization,
MOBI,MobilityMetrics,extended,Transportation analytics platform for trip data and mobility demand prediction,
NUTR,NutriTrack,extended,Nutrition analytics platform for food composition and personalized diet recommendations,
OCEN,OceanTech,extended,Marine monitoring platform for ocean sensor data and ecosystem health,
PARK,ParkingAI,extended,Parking analytics platform for occupancy data and real-time parking availability,
QUES,QuestAI,extended,Question-answering platform for knowledge base storage and natural language understanding,
RAIL,RailwayTech,extended,Rail transportation analytics platform for train schedules and on-time performance,
SOLR,SolarOptimize,extended,Solar energy analytics platform for panel performance and energy forecasting,
TEXT,TextileAI,extended,Textile manufacturing analytics platform for production quality and defect detection,
VENT,VentureMetrics,extended,Venture capital analytics platform for investment data and portfolio performance,
WINE,WineryAnalytics,extended,Vineyard analytics platform for grape quality and harvest timing optimization,
